cml_id,sublink_id,device_name,site_0_lat,site_0_lon,site_0_elevation,site_0_altitude,site_1_lat,site_1_lon,site_1_elevation,site_1_altitude,frequency,frequency_units,length,polarization,tsl,rsl
1,sublink_1,nycmesh-1933-waveap-northeast ↔ nycmesh-Mohammad-af60lr-1933,40.715648,-73.984369,,107.1,40.7154671,-73.9844008,,0.0,69120.0,MHz,20.292926833795647,ap-ptmp,-62.0,-63.0
2,sublink_1,nycmesh-1933-wavenano ↔ nycmesh-227-waveapmicro-north,40.71555,-73.984461,,110.2,40.711199,-74.001357,10.0,189.9,69120.0,MHz,1503.9992649047647,sta-ptmp,-63.0,-61.0
3,sublink_1,nycmesh-227-waveapmicro-north ↔ nycmesh-544-af60lr,40.711199,-74.001357,10.0,189.9,40.718492,-73.996155,,37.5,69120.0,MHz,955.0,ap-ptmp,-59.0,-57.0
4,sublink_1,nycmesh-730-wavepro-2299 ↔ nycmesh-2299-wavepro-730,40.843925,-73.893033,,72.0,40.861363,-73.907873,,80.4,69120.0,MHz,2224.0,ap-ptp,-43.0,-42.0
5,sublink_1,nycmesh-5916-wavepro-3461 ↔ nycmesh-3461-wavepro-5916,40.696031,-73.939812,,97.8,40.67261,-73.963951,,115.4,69120.0,MHz,3327.0,ap-ptp,-43.0,-43.0
6,sublink_1,nycmesh-227-waveapmicro-north ↔ nycmesh-168-wavelr,40.711199,-74.001357,10.0,189.9,40.709724,-73.95819,,29.4,69120.0,MHz,3640.0,ap-ptmp,-59.0,-61.0
7,sublink_1,nycmesh-1340-wavelr-5014 ↔ nycmesh-5014-wavenano-1340,40.68627,-73.917572,,64.0,40.694276,-73.90607,,41.6,68040.0,MHz,1316.4169527509423,sta-ptp,-34.0,-34.0
8,sublink_1,nycmesh-3461-waveap-south ↔ nycmesh-527-wavelr,40.672552,-73.964442,,98.2,40.635243,-73.950465,,36.4,68040.0,MHz,4335.0,ap-ptmp,-56.0,-62.0
9,sublink_1,nycmesh-3461-waveap-south ↔ nycmesh-4402-wavelr,40.672552,-73.964442,,98.2,40.655607,-73.956788,,40.4,68040.0,MHz,1991.7285474988928,ap-ptmp,-56.0,-57.0
10,sublink_1,nycmesh-5916-waveap-northeast ↔ nycmesh-169-af60lr,40.696036,-73.93963,,99.9,40.70858,-73.921552,8.0,24.2,68040.0,MHz,2043.0,ap-ptmp,-59.0,-58.0
11,sublink_1,nycmesh-2701-wavenano-648 ↔ nycmesh-648-wavenano-2701,40.647762,-74.000685,45.0,73.1,40.639672,-73.996487,,56.9,68040.0,MHz,966.7851345316916,sta-ptp,-35.0,-35.0
12,sublink_1,nycmesh-713-waveap-south ↔ nycmesh-2701-wavenano,40.657601,-74.005171,,76.3,40.647886,-74.000754,45.0,72.4,68040.0,MHz,1164.0,ap-ptmp,-56.0,-55.0
13,sublink_1,nycmesh-5916-waveap-northeast ↔ nycmesh-2482-af60lr,40.696036,-73.93963,,99.9,40.699694,-73.924387,,34.0,68040.0,MHz,1367.0,ap-ptmp,-59.0,-58.0
14,sublink_1,nycmesh-3461-waveap-south ↔ nycmesh-228-af60lr,40.672552,-73.964442,,98.2,40.660814,-73.960435,,43.4,68040.0,MHz,1344.00,ap-ptmp,-56.0,-51.0
15,sublink_1,nycmesh-7800-wavelr-584 ↔ nycmesh-584-wavelr-7800,40.815348,-73.950418,35.0,86.7,40.793635,-73.965735,,93.1,68040.0,MHz,2737.0168023409283,sta-ptp,-50.0,-50.0
16,sublink_1,nycmesh-713-waveap-south ↔ nycmesh-552-wavenano,40.657601,-74.005171,,76.3,40.649556,-74.003561,,76.5,68040.0,MHz,926.0,ap-ptmp,-56.0,-57.0
17,sublink_1,nycmesh-5916-east1 ↔ nycmesh-lbe-921,40.69607,-73.939677,,67.46,40.714537,-73.914361,,10.0,5710.0,MHz,3659.0,ap-ptmp-airmax-mixed,-72.0,-72.0
17,sublink_2,nycmesh-5916-east1 ↔ nycmesh-lbe-921,40.696036,-73.93963,,99.9,40.714514,-73.914362,,23.4,68040.0,MHz,3659.0,ap-ptmp,-59.0,-57.0
18,sublink_1,nycmesh-3461-waveap-south ↔ nycmesh-4507-af60lr,40.672552,-73.964442,,98.2,40.65553,-73.959146,,34.3,68040.0,MHz,1944.0,ap-ptmp,-56.0,-53.0
19,sublink_1,nycmesh-5916-waveap-northeast ↔ nycmesh-664-af60lr,40.696036,-73.93963,,99.9,40.705677,-73.915254,,39.2,68040.0,MHz,2326.0,ap-ptmp,-59.0,-66.0
20,sublink_1,nycmesh-713-waveapmicro-north ↔ nycmesh-1447-wavenano,40.658103,-74.004768,,59.3,40.659539,-73.997356,,51.0,68040.0,MHz,670.0,ap-ptmp,-57.0,-59.0
21,sublink_1,nycmesh-3461-waveap-north ↔ nycmesh-251-af60lr,40.672531,-73.964197,,0.0,40.680173,-73.963217,,47.0,66960.0,MHz,853.7610101146101,ap-ptmp,-55.0,-51.0
22,sublink_1,nycmesh-162-af60lr-1635 ↔ nycmesh-1635-af60lr-162,40.665054,-73.990438,,61.1,40.667634,-73.982433,33.0,54.0,66960.0,MHz,745.0,ap-ptp,-31.0,-33.0
23,sublink_1,nycmesh-5916-waveap-south ↔ nycmesh-155-af60lr,40.696113,-73.939843,,90.0,40.679826,-73.942373,18.0,50.1,66960.0,MHz,1811.0,ap-ptmp,-59.0,-55.0
24,sublink_1,nycmesh-5916-waveap-west ↔ nycmesh-4126-af60lr,40.696153,-73.939618,,95.1,40.692256,-73.954504,,51.3,66960.0,MHz,1310.0,ap-ptmp,-60.0,-52.0
25,sublink_1,nycmesh-1933-waveap-east ↔ nycmesh-1167-wavelr,40.715592,-73.984405,,98.3,40.727485,-73.946144,4.0,24.6,66960.0,MHz,3500.0,ap-ptmp,-63.0,-65.0
26,sublink_1,nycmesh-5916-waveap-south ↔ nycmesh-219-af60lr,40.696113,-73.939843,,90.0,40.674366,-73.940325,23.0,48.6,66960.0,MHz,2410.0,ap-ptmp,-59.0,-56.0
27,sublink_1,nycmesh-1933-waveap-east ↔ nycmesh-255-af60lr,40.715592,-73.984405,,98.3,40.717822,-73.943667,,30.7,66960.0,MHz,3457.0,ap-ptmp,-63.0,-64.0
28,sublink_1,nycmesh-5916-waveap-west ↔ nycmesh-1779-af60lr,40.696153,-73.939618,,95.1,40.69404,-73.954797,23.0,0.0,66960.0,MHz,1286.0,ap-ptmp,-60.0,-54.0
29,sublink_1,nycmesh-3461-waveap-north ↔ nycmesh-177-af60lr,40.672531,-73.964197,,0.0,40.678119,-73.962457,,50.2,66960.0,MHz,638.4486930028892,ap-ptmp,-55.0,-48.0
30,sublink_1,nycmesh-5916-waveap-south ↔ nycmesh-3607-af60lr,40.696113,-73.939843,,90.0,40.682834,-73.945901,,33.2,66960.0,MHz,1563.0,ap-ptmp,-59.0,-53.0
31,sublink_1,nycmesh-1933-waveap-east ↔ nycmesh-2090-wavelr,40.715592,-73.984405,,98.3,40.72561,-73.954176,,23.6,66960.0,MHz,2793.0,ap-ptmp,-63.0,-60.0
32,sublink_1,nycmesh-5916-waveap-west ↔ ncymesh-430-af60lr,40.696153,-73.939618,,95.1,40.694918,-73.949413,23.0,33.8,66960.0,MHz,821.0,ap-ptmp,-60.0,-55.0
33,sublink_1,nycmesh-3461-waveap-north ↔ nycmesh-5134-af60lr,40.672531,-73.964197,,0.0,40.67352,-73.964083,,71.0,66960.0,MHz,110.3912369260654,ap-ptmp,-55.0,-61.0
34,sublink_1,nycmesh-5916-waveap-west ↔ nycmesh-436-af60lr,40.696153,-73.939618,,95.1,40.685986,-73.961279,23.0,41.3,66960.0,MHz,2136.0,ap-ptmp,-60.0,-70.0
35,sublink_1,nycmesh-7800-af60lr-898 ↔ nycmesh-898-af60lr-7800,40.815368,-73.950324,35.0,88.0,40.830401,-73.940881,41.0,79.0,65880.0,MHz,1850.8331476249275,sta-ptp,-43.0,-43.0
36,sublink_1,nycmesh-5916-af60lr-1340 ↔ nycmesh-1340-af60lr-5916,40.695935,-73.939753,23.0,98.4,40.686118,-73.917444,,68.0,65880.0,MHz,2174.7280991291723,sta-ptp,-58.0,-58.0
37,sublink_1,nycmesh-3606-gbelr-1417 ↔ nycmesh-1417-gbelr-3606,40.708571,-73.921886,8.0,0.0,40.713606,-73.935565,7.0,0.0,64800.0,MHz,1281.7022730013011,sta-ptp,-60.0,-60.0
38,sublink_1,nycmesh-3461-waveapmicro-north ↔ nycmesh-7986-wavepico,40.672686,-73.963954,,96.5,40.672777,-73.952881,,5.0,64800.0,MHz,933.8983966464816,ap-ptmp,-63.0,-65.0
39,sublink_1,nycmesh-1933-af60lr-6925 ↔ nycmesh-6925-af60lr-1933,40.715632,-73.984391,,91.0,40.692078,-73.968996,,44.0,64800.0,MHz,2922.964485457743,ap-ptp,-67.0,-67.0
40,sublink_1,nycmesh-3461-waveapmicro-north ↔ nycmesh-912-wavepico,40.672686,-73.963954,,96.5,40.671312,-73.956677,,5.0,64800.0,MHz,632.4453157638943,ap-ptmp,-63.0,-60.0
41,sublink_1,nycmesh-5916-waveapmicro-southeast ↔ nycmesh-158-af60lr,40.696125,-73.939608,,91.0,40.691716,-73.924483,23.0,38.7,64800.0,MHz,1382.0,ap-ptmp,-56.0,-56.0
42,sublink_1,nycmesh-632-gbep-1084 ↔ nycmesh-1084-gbep-632,40.734646,-73.95053,,37.0,40.729552,-73.945949,4.0,8.0,62640.0,MHz,685.0,ap-ptp,,
43,sublink_1,nycmesh-5151-northeast ↔ nycmesh-lbe-7825,40.67543,-73.98058,,22.0,40.66755755,-73.982386782639,33.0,5.0,5710.0,MHz,888.0,ap-ptmp-airmax-mixed,-50.0,-50.0
43,sublink_2,nycmesh-5151-northeast ↔ nycmesh-lbe-7825,40.67545,-73.98061,,0.0,40.66756,-73.98242,33.0,0.0,62640.0,MHz,887.0,ap-ptp,-58.0,-58.0
44,sublink_1,nycmesh-2463-gbep-2274 ↔ nycmesh-2274-gbep-2463,40.720668,-73.988049,11.0,0.0,40.725903,-73.983635,,0.0,62640.0,MHz,744.0,ap-ptp,-61.0,-59.0
45,sublink_1,nycmesh-5712-gbep-115 ↔ nycmesh-115-gbep-5712,40.73676,-73.95441,4.0,0.0,40.733902,-73.950604,,0.0,62640.0,MHz,466.0,ap-ptp,-57.0,-58.0
46,sublink_1,nycmesh-5916-gbelr-265 ↔ nycmesh-265-gbelr-5916,40.69628,-73.93976,,0.0,40.705214,-73.930748,,0.0,60480.0,MHz,1265.0,ap-ptp,-62.0,-63.0
47,sublink_1,nycmesh-632-gbep-5712 ↔ nycmesh-5712-gbep-632,40.734646,-73.95053,,0.0,40.73676,-73.95441,6.0,0.0,60480.0,MHz,420.0,ap-ptp,-55.0,-55.0
48,sublink_1,nycmesh-1167-gbep-1084 ↔ nycmesh-1084-gbep-1167,40.727553,-73.946045,4.0,0.0,40.729552,-73.945949,4.0,0.0,60480.0,MHz,222.42580852822203,sta-ptp,-60.0,-61.0
49,sublink_1,nycmesh-1932-gbelr-731 ↔ nycmesh-731-gbelr-1932,40.716098,-73.985997,14.0,0.0,40.724676,-73.98073,,8.0,60480.0,MHz,1052.0539764929235,sta-ptp,-59.0,-58.0
50,sublink_1,nycmesh-1167-gbep-295 ↔ nycmesh-295-gbep-1167,40.727553,-73.946045,4.0,10.0,40.725616,-73.947094,5.0,10.0,58320.0,MHz,233.0,ap-ptp,-52.0,-51.0
51,sublink_1,nycmesh-2282-af24-162 ↔ nycmesh-162-af24-2282,40.68298,-73.993843,13.0,18.29,40.665054,-73.990616,,64.08,24200.0,MHz,2011.77254097725,sta-ptp,-53.0,-53.0
52,sublink_1,nycmesh-713-af24-231 ↔ nycmesh-231-af24-713,40.657631,-74.005173,,45.32,40.646,-74.013672,,10.0,24200.0,MHz,1510.0,ap-ptp,-57.0,-57.0
52,sublink_2,nycmesh-713-af24-231 ↔ nycmesh-231-af24-713,40.645933,-74.013631,,10.0,40.6577,-74.0051,5.0,5.0,5540.0,MHz,1493.29949146357,ap-ptmp-airmax-mixed,0.0,-48.0
53,sublink_1,nycmesh-1932-af24-227 ↔ nycmesh-227-af24-1932,40.716087,-73.986046,14.0,100.32,40.711098,-74.001289,,161.544,24200.0,MHz,1406.0,ap-ptp,-54.0,-54.0
54,sublink_1,nycmesh-713-af24hd-3461 ↔ nycmesh-3461-af24hd-713,40.658005,-74.004715,,45.32,40.672501,-73.964409,,60.95,24100.0,MHz,3800.0,ap-ptp,-57.0,-57.0
55,sublink_1,nycmesh-2299-af24-898 ↔ nycmesh-898-af24-2299,40.861412,-73.907829,,10.0,40.830547,-73.941086,41.0,10.0,24100.0,MHz,4427.69484467096,sta-ptp,-66.0,-66.0
56,sublink_1,nycmesh-730-af24-3959 ↔ nycmesh-3959-af24-730,40.843857,-73.893051,,69.0,40.841663,-73.941864,,10.0,24100.0,MHz,4061.0,ap-ptp,-69.0,-69.0
57,sublink_1,nycmesh-641-south ↔ nycmesh-lbe-634,40.7988,-73.9387,,10.0,40.7992,-73.9367,,5.0,5825.0,MHz,174.12696352501712,ap-ptmp,-54.0,-58.0
58,sublink_1,nycmesh-lbe-255 ↔ nycmesh-329-west,40.7179,-73.9436,11.0,10.0,40.717473,-73.941814,11.0,8.0,5825.0,MHz,157.83206222854912,sta-ptmp,-51.0,-69.0
59,sublink_1,nycmesh-227-ps5ac-northeast2 ↔ nycmesh-lbe-407,40.711065,-74.001308,,158.0,40.713282,-73.99037,,11.42,5820.0,MHz,951.0,ap-ptmp-airmax-mixed,-59.0,-48.0
60,sublink_1,nycmesh-227-ps5ac-northeast2 ↔ nycmesh-lbe-1971,40.711065,-74.001308,,158.0,40.712809,-73.994793,10.0,30.0,5820.0,MHz,585.0,ap-ptmp-airmax-mixed,-57.0,-47.0
60,sublink_2,nycmesh-227-ps5ac-northeast2 ↔ nycmesh-lbe-1971,40.711065,-74.001308,,158.0,40.712811,-73.994744,,5.0,5820.0,MHz,585.0,ap-ptmp-airmax-mixed,-59.0,-47.0
61,sublink_1,nycmesh-713-ltulr-2282 ↔ nycmesh-2282-ltulr-713,40.657782,-74.004848,,45.32,40.682995,-73.993789,13.0,18.29,5815.0,MHz,2954.0,ap-ptp,-47.0,-47.0
62,sublink_1,nycmesh-231-west ↔ nycmesh-lbe-866,40.645933,-74.013631,,10.0,40.645835,-74.013376,,5.0,5490.0,MHz,24.11648132617266,ap-ptmp-airmax-mixed,-64.0,-69.0
62,sublink_2,nycmesh-231-west ↔ nycmesh-lbe-866,40.645933,-74.013631,,10.0,40.6458,-74.0134,,5.0,5810.0,MHz,24.465163153067557,ap-ptmp-airmax-mixed,-53.0,-53.0
62,sublink_3,nycmesh-231-west ↔ nycmesh-lbe-866,40.645933,-74.013631,,10.0,40.6458,-74.0134,,5.0,5540.0,MHz,24.465163153067557,ap-ptmp-airmax-mixed,0.0,-49.0
62,sublink_4,nycmesh-231-west ↔ nycmesh-lbe-866,40.645933,-74.013631,,10.0,40.645834959184,-74.013376102041,5.0,5.0,5490.0,MHz,24.110853264734622,ap-ptmp-airmax-mixed,-57.0,-60.0
63,sublink_1,nycmesh-3461-ltulr-5151 ↔ nycmesh-5151-ltu-3461,40.672531,-73.964197,,60.95,40.67543,-73.98058,,22.0,5800.0,MHz,1418.7439907677456,sta-ptp,-44.0,-43.0
64,sublink_1,nycmesh-407-lbe-1971 ↔ nycmesh-1971-lbe-407,40.713282,-73.99037,,11.42,40.712811,-73.994744,10.0,30.0,5795.0,MHz,372.0,ap-ptp,-67.0,-66.0
65,sublink_1,nycmesh-731-south ↔ nycmesh-nsl-2274,40.724676,-73.98073,,8.0,40.725681,-73.983591,,8.0,5790.0,MHz,266.0,ap-ptmp-airmax-mixed,-62.0,-62.0
66,sublink_1,nycmesh-lbe-265 ↔ nycmesh-3606-south,40.70538,-73.930575,8.0,24.0,40.708452,-73.921893,8.0,30.0,5785.0,MHz,807.6191060502712,sta-ptmp,-63.0,-61.0
67,sublink_1,nycmesh-3606-south ↔ nycmesh-lbe-613,40.708452,-73.921893,8.0,30.0,40.704364,-73.924202,22.0,8.0,5785.0,MHz,650.0,ap-ptmp,-54.0,-52.0
68,sublink_1,nycmesh-168-east ↔ nycmesh-lbe-854,40.710007,-73.957881,,35.0,40.7099,-73.958,,10.0,5780.0,MHz,951.0,ap-ptmp,-53.0,-59.0
69,sublink_1,nycmesh-168-east ↔ nycmesh-lbe-4342,40.710007,-73.957881,,35.0,40.710548,-73.953428,13.0,5.0,5780.0,MHz,380.12327282550586,ap-ptmp,-53.0,-48.0
70,sublink_1,nycmesh-2482-nbe-6248 ↔ nycmesh-6248-lbe-2482,40.6997,-73.9243,23.0,10.0,40.696,-73.9398,23.0,5.0,5770.0,MHz,1369.9415621219594,ap-ptp,-45.0,-45.0
70,sublink_2,nycmesh-2482-nbe-6248 ↔ nycmesh-6248-lbe-2482,40.696038,-73.939764,,67.46,40.699705,-73.924278,23.0,10.0,5550.0,MHz,1367.0,ap-ptmp-airmax-mixed,-61.0,-65.0
71,sublink_1,nycmesh-641-lbe-642 ↔ nycmesh-642-lbe-641,40.7988,-73.9387,,10.0,40.798004,-73.934684,,10.0,5770.0,MHz,216.0,ap-ptp,-55.0,-54.0
72,sublink_1,nycmesh-5965-west ↔ nycmesh-lbe-172,40.606661,-73.992934,,10.0,40.601913,-74.001045,,5.0,5770.0,MHz,16.0,ap-ptmp,,-64.0
73,sublink_1,nycmesh-691-southwest ↔ nycmesh-pb-693,40.7029,-73.9192,,20.0,40.701,-73.9218,,5.0,5760.0,MHz,304.42242619216006,ap-ptmp,-46.0,-48.0
74,sublink_1,nycmesh-2701-southeast ↔ nycmesh-pbe-527,40.6478,-74.0007,45.0,10.0,40.635,-73.9504,,10.0,5760.0,MHz,4495.0,ap-ptmp-airmax-mixed,-76.0,-70.0
75,sublink_1,nycmesh-835-southeast ↔ nycmesh-lbe-846,40.685214,-73.954595,,10.0,40.680818,-73.954737,,5.0,5760.0,MHz,128.0,ap-ptmp,-51.0,-60.0
76,sublink_1,nycmesh-835-southeast ↔ nycmesh-lbe2-7516,40.685214,-73.954595,,10.0,40.684651,-73.952688,,5.0,5760.0,MHz,128.0,ap-ptmp,-51.0,-42.0
77,sublink_1,nycmesh-835-southeast ↔ nycmesh-lbe-7516,40.685214,-73.954595,,10.0,40.684582,-73.953083,,5.0,5760.0,MHz,128.0,ap-ptmp,-51.0,-66.0
78,sublink_1,nycmesh-2701-southeast ↔ nycmesh-lbe-648,40.6478,-74.0007,45.0,10.0,40.6478,-74.0008,45.0,25.0,5760.0,MHz,989.0,ap-ptmp-airmax-mixed,-56.0,-51.0
79,sublink_1,nycmesh-5014-west ↔ nycmesh-lbelr-511,40.693819,-73.906361,,8.0,40.705347,-73.930856,,24.0,5750.0,MHz,2425.0,ap-ptmp-airmax-mixed,-74.0,-61.0
80,sublink_1,nycmesh-1340-north2 ↔ nycmesh-lbe-691,40.685988,-73.917573,,12.93,40.7029,-73.9192,,20.0,5745.0,MHz,1901.0,ap-ptmp-airmax-mixed,-44.0,-68.0
81,sublink_1,nycmesh-1340-north2 ↔ nycmesh-lbe-254,40.685988,-73.917573,,12.93,40.696,-73.9398,23.0,5.0,5745.0,MHz,2210.0,ap-ptmp-airmax-mixed,-44.0,-61.0
81,sublink_2,nycmesh-1340-north2 ↔ nycmesh-lbe-254,40.685988,-73.917573,,12.93,40.696038,-73.939764,23.0,5.0,5745.0,MHz,2210.0,ap-ptmp-airmax-mixed,-44.0,-52.0
82,sublink_1,nycmesh-227-ps5ac-north2 ↔ nycmesh-lbelr-3,40.711166,-74.001244,,161.544,40.72487,-73.987851,,-32.0,5710.0,MHz,1916.0,ap-ptmp-airmax-mixed,-68.0,-75.0
83,sublink_1,nycmesh-3461-southeast ↔ nycmesh-lbelr-228,40.672531,-73.964197,,60.95,40.6608,-73.9604,,18.0,5710.0,MHz,1344.0,ap-ptmp-airmax-mixed,-69.0,-67.0
84,sublink_1,nycmesh-2274-northwest ↔ nycmesh-lbe-4116,40.72579,-73.98355,,8.0,40.72847,-73.9831,7.0,8.0,5710.0,MHz,300.40530616691007,ap-ptmp-airmax-mixed,-56.0,-58.0
85,sublink_1,nycmesh-5916-east1 ↔ nycmesh-lbelr-265,40.69607,-73.939677,,67.46,40.705347,-73.930856,,24.0,5710.0,MHz,1265.0,ap-ptmp-airmax-mixed,-64.0,-64.0
86,sublink_1,nycmesh-3461-southeast ↔ nycmesh-lbe-6491,40.672531,-73.964197,,60.95,40.672047,-73.955369,,5.0,5710.0,MHz,746.4586443271326,ap-ptmp-airmax-mixed,-69.0,-70.0
87,sublink_1,nycmesh-5916-west1 ↔ nycmesh-lbelr2-854,40.696017,-73.939873,,67.46,40.711568,-73.946966,,10.0,5710.0,MHz,1830.0,ap-ptmp-airmax-mixed,-76.0,-69.0
88,sublink_1,nycmesh-5916-east1 ↔ nycmesh-lbe-875,40.69607,-73.939677,,67.46,40.672531,-73.9641974,,5.0,5710.0,MHz,3327.0,ap-ptmp-airmax-mixed,-58.0,-56.0
89,sublink_1,nycmesh-1340-west1 ↔ nycmesh-lbe2-944,40.686117,-73.917818,,12.93,40.680283,-73.954819,,8.0,5710.0,MHz,3225.0,ap-ptmp-airmax-mixed,-69.0,-84.0
90,sublink_1,nycmesh-3461-southeast ↔ nycmesh-lbe-4517,40.672531,-73.964197,,60.95,40.667133,-73.946808,,5.0,5710.0,MHz,1584.6448261900457,ap-ptmp-airmax-mixed,-74.0,-73.0
91,sublink_1,nycmesh-7800-south ↔ nycmesh-lbe-688,40.815324,-73.950354,,10.0,40.8156,-73.9502,35.0,5.0,5710.0,MHz,33.31395565183301,ap-ptmp-airmax-mixed,-63.0,-68.0
91,sublink_2,nycmesh-7800-south ↔ nycmesh-lbe-688,40.815324,-73.950354,,10.0,40.8156286,-73.9502282,35.0,5.0,5710.0,MHz,35.48593707737955,ap-ptmp-airmax-mixed,-61.0,-64.0
91,sublink_3,nycmesh-7800-south ↔ nycmesh-lbe-688,40.815336,-73.950302,,10.0,40.8156286,-73.9502282,35.0,5.0,5520.0,MHz,33.12308925991758,ap-ptmp-airmax-ac,-59.0,-61.0
91,sublink_4,nycmesh-7800-south ↔ nycmesh-lbe-688,40.815336,-73.950302,,10.0,40.8156,-73.9502,35.0,5.0,5520.0,MHz,30.584698752000016,ap-ptmp-airmax-ac,-55.0,-56.0
92,sublink_1,nycmesh-3461-southeast ↔ nycmesh-lbelr-4507,40.672531,-73.964197,,60.95,40.6555,-73.9592,,10.0,5710.0,MHz,1944.0,ap-ptmp-airmax-mixed,-66.0,-68.0
93,sublink_1,nycmesh-2274-northwest ↔ nycmesh-lbe-3016,40.72579,-73.98355,,8.0,40.724676,-73.98073,6.0,8.0,5710.0,MHz,266.0,ap-ptmp-airmax-mixed,-48.0,-54.0
94,sublink_1,nycmesh-3461-southeast ↔ nycmesh-lbe-649,40.672531,-73.964197,,60.95,40.6602,-73.9401,,10.0,5710.0,MHz,2456.0,ap-ptmp-airmax-mixed,-71.0,-75.0
95,sublink_1,nycmesh-lbelr-632 ↔ nycmesh-5712-northeast,40.7346,-73.9505,6.0,37.0,40.736767,-73.954633,6.0,10.0,5570.0,MHz,423.466894168036,sta-ptmp,-58.0,-58.0
96,sublink_1,nycmesh-lbe-155 ↔ nycmesh-1340-west,40.679873,-73.942457,18.0,10.0,40.686016,-73.917493,,53.3,5570.0,MHz,2213.0746663669634,sta-ptmp,-68.0,-68.0
97,sublink_1,nycmesh-3461-northeast ↔ nycmesh-lbelr-219,40.672685,-73.96386,,60.95,40.696,-73.9398,,10.0,5560.0,MHz,2027.0,ap-ptmp-airmax-mixed,-68.0,-66.0
97,sublink_2,nycmesh-3461-northeast ↔ nycmesh-lbelr-219,40.672685,-73.96386,,60.95,40.696038,-73.939764,23.0,5.0,5560.0,MHz,3327.0,ap-ptmp-airmax-mixed,-69.0,-68.0
97,sublink_3,nycmesh-3461-northeast ↔ nycmesh-lbelr-219,40.672685,-73.96386,,60.95,40.696038,-73.939764,23.0,5.0,5510.0,MHz,3327.0,ap-ptmp,-67.0,-73.0
98,sublink_1,nycmesh-sn3-north ↔ nycmesh-nbe-5420,40.6579,-74.0049,,45.32,40.65964,-73.99854,5.0,5.0,5560.0,MHz,570.3064047954518,ap-ptmp-airmax-mixed,,
99,sublink_1,nycmesh-1933-east-s2 ↔ nycmesh-lbe-2741,40.715467,-73.984401,,97.0,40.718978,-73.958505,,8.0,5560.0,MHz,2217.1292980349895,ap-ptmp-airmax-mixed,-66.0,-65.0
100,sublink_1,nycmesh-3461-northeast ↔ nycmesh-lbe-476,40.672685,-73.96386,,60.95,40.6725,-73.9642,,5.0,5560.0,MHz,35.28977579122606,ap-ptmp-airmax-mixed,-57.0,-55.0
100,sublink_2,nycmesh-3461-northeast ↔ nycmesh-lbe-476,40.672685,-73.96386,,60.95,40.6725,-73.9642,,5.0,5510.0,MHz,35.28977579122606,ap-ptmp,-67.0,-64.0
100,sublink_3,nycmesh-3461-northeast ↔ nycmesh-lbe-476,40.672685,-73.96386,,60.95,40.672531,-73.9641974,,5.0,5560.0,MHz,33.210007652982235,ap-ptmp-airmax-mixed,-63.0,-64.0
100,sublink_4,nycmesh-3461-northeast ↔ nycmesh-lbe-476,40.672685,-73.96386,,60.95,40.672531,-73.9641974,,5.0,5510.0,MHz,33.210007652982235,ap-ptmp,-67.0,-68.0
101,sublink_1,nycmesh-1933-east-s2 ↔ nycmesh-lbelr-168,40.715467,-73.984401,,97.0,40.709792,-73.958118,,10.0,5560.0,MHz,2307.0,ap-ptmp-airmax-mixed,-67.0,-64.0
102,sublink_1,nycmesh-1971-southwest ↔ nycmesh-lbe-1329,40.712811,-73.994744,10.0,30.0,40.711759,-73.99498,10.0,8.0,5560.0,MHz,585.0,ap-ptmp-airmax-ac,-68.0,-68.0
103,sublink_1,nycmesh-664-south ↔ nycmesh-lbe-704,40.705619,-73.915235,,8.0,40.709868,-73.911179,22.0,8.0,5560.0,MHz,583.1893916715709,ap-ptmp-airmax-ac,-62.0,-65.0
104,sublink_1,nycmesh-7800-north ↔ nycmesh-lbe-843,40.815412,-73.950239,,10.0,40.8156,-73.9502,35.0,5.0,5560.0,MHz,21.160715593358052,ap-ptmp-airmax-mixed,-59.0,-62.0
105,sublink_1,nycmesh-7800-north ↔ nycmesh-pbe-898,40.815412,-73.950239,,10.0,40.830454,-73.941171,41.0,10.0,5560.0,MHz,1816.0,ap-ptmp-airmax-mixed,-64.0,-67.0
106,sublink_1,nycmesh-2090-lbe-2463 ↔ nycmesh-2463-lbe-2090,40.725618,-73.954074,,8.0,40.719898,-73.988024,11.0,8.0,5560.0,MHz,2930.876268069924,sta-ptp,-61.0,-60.0
107,sublink_1,nycmesh-1932-west-s6 ↔ nycmesh-lbe-544,40.716098,-73.985997,14.0,100.32,40.718504,-73.995954,,25.0,5560.0,MHz,881.0,ap-ptmp-airmax-mixed,-60.0,-57.0
108,sublink_1,nycmesh-835-northwest ↔ nycmesh-lbe-7537,40.685214,-73.954595,,10.0,40.683061,-73.961386,,5.0,5560.0,MHz,1626.0,ap-ptmp-airmax-mixed,-71.0,-72.0
109,sublink_1,nycmesh-5916-south2 ↔ nycmesh-lbe-7325,40.696048,-73.939788,,67.46,40.689,-73.952,23.0,5.0,5550.0,MHz,1310.0,ap-ptmp-airmax-mixed,-63.0,-56.0
110,sublink_1,nycmesh-648-north ↔ nycmesh-lbe-851,40.639504,-73.996299,,25.0,40.644198,-73.994055,,5.0,5550.0,MHz,555.2285882624063,ap-ptmp-airmax-mixed,-58.0,-58.0
111,sublink_1,nycmesh-228-east ↔ nycmesh-619-lbe,40.66076,-73.96032,,12.45,40.6599,-73.95808,,5.0,5550.0,MHz,1344.0,ap-ptmp-airmax-mixed,-48.0,-49.0
112,sublink_1,nycmesh-5916-south2 ↔ nycmesh-lbe-1350,40.696048,-73.939788,,67.46,40.687437,-73.947464,,30.0,5550.0,MHz,1156.0,ap-ptmp-airmax-mixed,-62.0,-56.0
113,sublink_1,nycmesh-5916-south2 ↔ nycmesh-lbe-3607,40.696048,-73.939788,,67.46,40.683,-73.946,23.0,10.0,5550.0,MHz,1563.0,ap-ptmp-airmax-mixed,-65.0,-58.0
114,sublink_1,nycmesh-640-lbe-641 ↔ nycmesh-641-lbe-640,40.798844,-73.938739,,10.0,40.7988,-73.9387,,10.0,5520.0,MHz,175.0,ap-ptp,-52.0,-52.0
115,sublink_1,nycmesh-7800-east ↔ nycmesh-lbe-423,40.815336,-73.950302,,10.0,40.8156,-73.95,35.0,5.0,5520.0,MHz,38.82842124852781,ap-ptmp-airmax-ac,-54.0,-54.0
116,sublink_1,nycmesh-3461-northwest ↔ nycmesh-lbe-7545,40.672685,-73.96386,,60.95,40.683825,-73.950534,,5.0,5510.0,MHz,1672.494364592941,ap-ptmp,-67.0,-72.0
117,sublink_1,nycmesh-3461-northwest ↔ nycmesh-lbelr-835,40.672685,-73.96386,,60.95,40.685214,-73.954595,,10.0,5510.0,MHz,1626.0,ap-ptmp,-67.0,-63.0
118,sublink_1,nycmesh-2299-ltulr-898 ↔ nycmesh-898-ltulr-2299,40.861367,-73.907738,,10.0,40.830454,-73.941171,41.0,10.0,5510.0,MHz,4441.194677912252,sta-ptp,-70.0,-70.0
119,sublink_1,nycmesh-3461-northwest ↔ nycmesh-lbelr-3607,40.672685,-73.96386,,60.95,40.6828,-73.9459,23.0,10.0,5510.0,MHz,1915.0,ap-ptmp,-67.0,-71.0
120,sublink_1,nycmesh-632-south ↔ nycmesh-1084-lbelr,40.734319,-73.950321,,40.0,40.729552,-73.945949,4.0,8.0,5510.0,MHz,685.0,ap-ptmp-airmax-mixed,-59.0,-59.0
121,sublink_1,nycmesh-219-west ↔ nycmesh-lbe-7985,40.67441,-73.94024,,10.0,40.67596,-73.94076,23.0,15.0,5510.0,MHz,181.0,ap-ptmp-airmax-mixed,-48.0,-48.0
122,sublink_1,nycmesh-1340-lbelr-7489 ↔ nycmesh-7489-lbelr-1340,40.685823,-73.917272,,12.93,40.659676,-73.913529,10.0,31.1,5505.0,MHz,2924.0,ap-ptmp,-62.0,-60.0
123,sublink_1,nycmesh-407-north ↔ nycmesh-534-lbe,40.713242,-73.990392,,11.42,40.713722,-73.991498,10.0,8.0,5505.0,MHz,951.0,ap-ptmp-airmax-mixed,-52.0,-50.0
124,sublink_1,nycmesh-lbe-4507 ↔ nycmesh-486-south,40.6555,-73.9592,,10.0,40.658948,-73.96112,,10.0,5500.0,MHz,416.2055735874938,sta-ptmp,-56.0,-56.0
125,sublink_1,nycmesh-854-east ↔ nycmesh-lbe2-864,40.711578,-73.946978,,10.0,40.711385,-73.942436,,5.0,5490.0,MHz,383.4287880187816,ap-ptmp,-75.0,-75.0
126,sublink_1,nycmesh-162-east ↔ nycmesh-lbe-899,40.664997,-73.990543,,40.0,40.6754,-73.9806,20.0,5.0,5490.0,MHz,1428.742949865859,ap-ptmp-airmax-mixed,,
127,sublink_1,nycmesh-1932-north ↔ nycmesh-lbe-4441,40.716098,-73.985997,14.0,100.32,40.724,-73.9783,,5.0,5490.0,MHz,457.0,ap-ptmp-airmax-mixed,-59.0,-64.0
128,sublink_1,nycmesh-5916-lbe-west ↔ nycmesh-lbe-430,40.696,-73.9398,,67.46,40.69492,-73.94938,23.0,16.0,5490.0,MHz,821.0,ap-ptmp-airmax-mixed,-57.0,-56.0
129,sublink_1,nycmesh-5916-south1 ↔ nycmesh-lbe-158,40.696042,-73.939797,,67.46,40.691635,-73.924396,23.0,10.0,5490.0,MHz,1382.0,ap-ptmp-airmax-mixed,-63.0,-59.0
130,sublink_1,nycmesh-1932-north ↔ nycmesh-lbe-6004,40.716098,-73.985997,14.0,100.32,40.7211,-73.9835,,10.0,5490.0,MHz,591.0,ap-ptmp-airmax-mixed,-57.0,-59.0
131,sublink_1,nycmesh-1932-north ↔ nycmesh-lbe-3065,40.716098,-73.985997,14.0,100.32,40.7189,-73.9859,14.0,25.0,5490.0,MHz,313.0,ap-ptmp-airmax-mixed,-55.0,-56.0
132,sublink_1,nycmesh-227-ps5ac-north1 ↔ nycmesh-lbe2-544,40.711095,-74.001382,,161.544,40.718504,-73.995954,10.0,25.0,5490.0,MHz,955.0,ap-ptmp-airmax-mixed,-62.0,-58.0
133,sublink_1,nycmesh-5916-lbe-west ↔ nycmesh-lbe-1779,40.696,-73.9398,,67.46,40.694,-73.955,23.0,25.0,5490.0,MHz,1286.0,ap-ptmp-airmax-mixed,-58.0,-60.0
134,sublink_1,nycmesh-648-west ↔ nycmesh-lbe-737,40.639504,-73.996299,,25.0,40.641546,-73.999453,,5.0,5490.0,MHz,349.82422143932763,ap-ptmp-airmax-mixed,-56.0,-55.0
135,sublink_1,nycmesh-486-south ↔ nycmesh-lbe-414,40.658948,-73.96112,,10.0,40.6725,-73.9642,,5.0,5490.0,MHz,1532.0,ap-ptmp-airmax-mixed,-59.0,-69.0
136,sublink_1,nycmesh-1933-east-s3 ↔ nycmesh-lbelr-7359,40.715592,-73.984427,,97.0,40.690744,-73.970097,,8.0,5330.0,MHz,3015.494435263662,ap-ptmp-airmax-mixed,-75.0,-75.0
137,sublink_1,nycmesh-1340-lbe-664 ↔ nycmesh-664-lbe-1340,40.686016,-73.917493,,53.3,40.705837,-73.915284,,8.0,5310.0,MHz,2207.0,ap-ptp,-66.0,-66.0
138,sublink_1,nycmesh-3461-north ↔ nycmesh-lbe-5635,40.672531,-73.964197,,60.95,40.680166,-73.955294,,5.0,5310.0,MHz,1133.3355432938947,ap-ptmp-airmax-mixed,-67.0,-68.0
139,sublink_1,nycmesh-3461-north ↔ nycmesh-lbe-944,40.672531,-73.964197,,60.95,40.680269,-73.954802,,8.0,5310.0,MHz,1165.0,ap-ptmp-airmax-mixed,,
140,sublink_1,nycmesh-730-lbelr-2299 ↔ nycmesh-2299-lbe-730,40.8444,-73.8937,,69.000015,40.8614,-73.9077,,10.0,5215.0,MHz,2224.0,ap-ptp,-71.0,-69.0
