# Radar comparison event catalog: top snow / rain / mix storms, NYC.
# Built by src/analysis/radar_utils.py:build_event_catalog (see its docstring).
# start/end: UTC (tz-naive), first/last wet 10-min bin over the ASOS network.
# ghcn_mm / ghcn_snow_cm: NOAA GHCN daily precipitation (mm) / snowfall (cm),
#   mean over GHCN stations of the event's local days (ranking key).
# asos_mm: ASOS 1-min precip summed over the event (gauge-melt QC on), station mean.
# t_min_C: lowest 10-min network-mean temperature (degC).
# f_*: share of wet station-minutes coded rain / snow / snow+ice / P (unknown).
event,cls,rank,start,end,hours,ghcn_mm,ghcn_snow_cm,asos_mm,t_min_C,f_rain,f_snow,f_frozen,f_P,n_stations
2026-02-22_snow,snow,1,2026-02-22 11:50:00,2026-02-24 03:20:00,39.5,49.1,55.35,12.141,-1.667,0.047,0.861,0.861,0.092,5
2026-01-25_snow,snow,2,2026-01-25 09:40:00,2026-01-27 07:40:00,46.0,35.425,27.7,27.33,-11.7,0.315,0.589,0.589,0.096,5
2025-12-26_snow,snow,3,2025-12-26 21:40:00,2025-12-27 19:10:00,21.5,11.725,10.725,8.763,-3.907,0.029,0.962,0.962,0.01,4
2024-02-17_snow,snow,4,2024-02-17 04:40:00,2024-02-17 18:50:00,14.167,6.8,9.975,5.944,-1.0,0.0,0.993,0.993,0.006,5
2024-02-13_snow,snow,5,2024-02-13 04:10:00,2024-02-13 18:10:00,14.0,16.775,9.9,16.967,0.311,0.141,0.805,0.805,0.054,5
2024-03-23_rain,rain,1,2024-03-23 00:40:00,2024-03-23 22:20:00,21.667,84.825,0.0,68.885,3.75,0.931,0.028,0.028,0.04,5
2024-04-01_rain,rain,2,2024-04-01 12:40:00,2024-04-04 15:10:00,74.5,70.05,0.0,57.861,2.833,0.832,0.019,0.019,0.15,5
2023-12-17_rain,rain,3,2023-12-17 18:00:00,2023-12-18 19:30:00,25.5,60.75,0.0,34.925,9.981,0.915,0.024,0.024,0.06,4
2024-08-06_rain,rain,4,2024-08-06 18:40:00,2024-08-10 05:30:00,82.833,59.975,0.0,69.901,18.472,0.849,0.002,0.002,0.149,5
2023-11-21_rain,rain,5,2023-11-21 14:30:00,2023-11-22 12:20:00,21.833,53.025,0.0,37.973,4.481,0.924,0.003,0.003,0.073,4
2024-03-09_mix,mix,1,2024-03-09 16:40:00,2024-03-13 03:50:00,83.167,41.0,0.0,34.188,1.903,0.487,0.237,0.237,0.276,5
2025-02-15_mix,mix,2,2025-02-15 18:50:00,2025-02-18 06:20:00,59.5,32.8,1.7,22.2,-3.811,0.689,0.189,0.189,0.122,5
2025-12-19_mix,mix,3,2025-12-19 03:50:00,2025-12-20 08:20:00,28.5,28.725,0.0,18.085,-0.667,0.728,0.186,0.186,0.086,5
2025-02-09_mix,mix,4,2025-02-09 00:20:00,2025-02-09 11:00:00,10.667,16.9,8.375,16.561,-1.0,0.462,0.396,0.396,0.142,5
2024-01-06_mix,mix,5,2024-01-06 19:30:00,2024-01-07 23:20:00,27.833,16.55,0.65,13.767,0.917,0.424,0.307,0.307,0.269,5
