station_id,network,subnetwork,lat,lon,elev,first_obs,last_obs,n_samples,n_variables,source_file
EWR,ASOS,NJ_ASOS,40.6925,-74.1687,2.0,2023-10-01T00:00:00+00:00,2026-04-23T23:59:00+00:00,740124,13,asos_2023-10-01_2026-04-23.nc
JFK,ASOS,NY_ASOS,40.6386,-73.7622,7.0,2023-10-01T00:00:00+00:00,2026-04-23T23:59:00+00:00,1171880,13,asos_2023-10-01_2026-04-23.nc
LGA,ASOS,NY_ASOS,40.7794,-73.8803,9.0,2023-10-01T00:00:00+00:00,2026-04-23T23:59:00+00:00,907481,13,asos_2023-10-01_2026-04-23.nc
NYC,ASOS,NY_ASOS,40.779,-73.969,27.0,2023-10-01T08:18:00+00:00,2026-04-23T15:08:00+00:00,1000456,13,asos_2023-10-01_2026-04-23.nc
TEB,ASOS,NJ_ASOS,40.85,-74.0608,2.0,2023-10-01T00:00:00+00:00,2026-04-23T23:59:00+00:00,901695,13,asos_2023-10-01_2026-04-23.nc
KJFK,PWS_WU,,40.7,-73.8,,2024-07-01T04:51:00+00:00,2026-04-24T03:51:00+00:00,17315,12,pws_wu_merged_2023-10-29_2026-04-24_qc.nc
KLGA,PWS_WU,,40.76,-73.86,,2024-07-01T04:51:00+00:00,2026-04-24T03:51:00+00:00,18111,12,pws_wu_merged_2023-10-29_2026-04-24_qc.nc
KNYC,PWS_WU,,40.78,-73.97,,2024-07-01T04:51:00+00:00,2026-04-24T03:51:00+00:00,18111,12,pws_wu_merged_2023-10-29_2026-04-24_qc.nc
KNYNEWYO1024,PWS_WU,,40.77153,-73.957161,24.0792,2024-01-09T19:01:00+00:00,2024-06-26T03:45:00+00:00,16098,10,pws_wu_merged_2023-10-29_2026-04-24_qc.nc
KNYNEWYO1053,PWS_WU,,40.711601,-73.844704,21.9456,2023-10-29T04:04:00+00:00,2024-07-01T23:59:00+00:00,69708,10,pws_wu_merged_2023-10-29_2026-04-24_qc.nc
KNYNEWYO1071,PWS_WU,,40.61334,-74.00984,10.0584,2023-10-29T04:04:00+00:00,2026-04-24T03:59:00+00:00,252574,15,pws_wu_merged_2023-10-29_2026-04-24_qc.nc
KNYNEWYO1120,PWS_WU,,40.667,-73.983,34.1376,2023-10-29T04:04:00+00:00,2026-04-24T03:59:00+00:00,257220,15,pws_wu_merged_2023-10-29_2026-04-24_qc.nc
KNYNEWYO1127,PWS_WU,,40.648,-73.887,4.8768,2023-10-31T15:14:00+00:00,2026-04-24T03:59:00+00:00,199426,14,pws_wu_merged_2023-10-29_2026-04-24_qc.nc
KNYNEWYO1157,PWS_WU,,40.665,-73.979,47.8536,2023-10-29T04:04:00+00:00,2026-04-24T03:59:00+00:00,246673,15,pws_wu_merged_2023-10-29_2026-04-24_qc.nc
KNYNEWYO1166,PWS_WU,,40.706,-73.915,24.0792,2024-02-01T10:24:00+00:00,2026-04-24T03:59:00+00:00,209962,9,pws_wu_merged_2023-10-29_2026-04-24_qc.nc
KNYNEWYO1189,PWS_WU,,40.735,-73.995,27.127200000000002,2023-10-29T04:04:00+00:00,2026-02-24T04:59:00+00:00,172781,6,pws_wu_merged_2023-10-29_2026-04-24_qc.nc
KNYNEWYO1196,PWS_WU,,40.567,-73.894,0.0,2023-10-29T04:04:00+00:00,2026-04-24T03:59:00+00:00,243075,15,pws_wu_merged_2023-10-29_2026-04-24_qc.nc
KNYNEWYO1238,PWS_WU,,40.807999,-73.948997,14.0208,2023-10-29T04:04:00+00:00,2024-07-01T23:59:00+00:00,67812,10,pws_wu_merged_2023-10-29_2026-04-24_qc.nc
KNYNEWYO1252,PWS_WU,,40.681,-73.968,21.945600000000002,2023-10-29T10:04:00+00:00,2026-04-24T03:59:00+00:00,236417,15,pws_wu_merged_2023-10-29_2026-04-24_qc.nc
KNYNEWYO1263,PWS_WU,,40.57,-73.865,3.048,2023-12-30T20:39:00+00:00,2025-08-30T03:59:00+00:00,166483,15,pws_wu_merged_2023-10-29_2026-04-24_qc.nc
KNYNEWYO1267,PWS_WU,,40.722,-74.002,11.8872,2023-10-29T04:04:00+00:00,2025-07-22T03:59:00+00:00,168251,15,pws_wu_merged_2023-10-29_2026-04-24_qc.nc
KNYNEWYO1274,PWS_WU,,40.66208,-73.8413,0.9144000000000001,2023-10-29T04:04:00+00:00,2026-04-24T03:59:00+00:00,256657,15,pws_wu_merged_2023-10-29_2026-04-24_qc.nc
KNYNEWYO1288,PWS_WU,,40.828,-73.918,10.0584,2023-10-29T04:03:00+00:00,2024-07-01T23:58:00+00:00,67946,10,pws_wu_merged_2023-10-29_2026-04-24_qc.nc
KNYNEWYO1298,PWS_WU,,40.724,-73.949,3.048,2023-10-29T04:04:00+00:00,2026-04-24T03:59:00+00:00,247998,15,pws_wu_merged_2023-10-29_2026-04-24_qc.nc
KNYNEWYO1313,PWS_WU,,40.72023,-73.90079,10.3632,2023-10-29T04:04:00+00:00,2026-04-24T03:59:00+00:00,256393,15,pws_wu_merged_2023-10-29_2026-04-24_qc.nc
KNYNEWYO1326,PWS_WU,,40.680166,-73.925811,20.1168,2023-10-29T04:04:00+00:00,2024-07-01T23:59:00+00:00,67519,10,pws_wu_merged_2023-10-29_2026-04-24_qc.nc
KNYNEWYO1340,PWS_WU,,40.685,-73.993,18.8976,2023-10-29T04:04:00+00:00,2026-04-24T03:59:00+00:00,252652,15,pws_wu_merged_2023-10-29_2026-04-24_qc.nc
KNYNEWYO1348,PWS_WU,,40.732,-73.956,3.9624,2023-10-29T04:04:00+00:00,2024-07-01T23:59:00+00:00,70507,10,pws_wu_merged_2023-10-29_2026-04-24_qc.nc
KNYNEWYO1350,PWS_WU,,40.573,-73.989,1.2192,2023-10-29T04:04:00+00:00,2026-04-24T03:59:00+00:00,240993,15,pws_wu_merged_2023-10-29_2026-04-24_qc.nc
KNYNEWYO1387,PWS_WU,,40.734,-73.994,20.1168,2023-10-29T04:04:00+00:00,2026-04-24T03:59:00+00:00,256185,15,pws_wu_merged_2023-10-29_2026-04-24_qc.nc
KNYNEWYO1388,PWS_WU,,40.636,-73.961,17.9832,2023-10-29T04:04:00+00:00,2026-04-24T03:59:00+00:00,255404,15,pws_wu_merged_2023-10-29_2026-04-24_qc.nc
KNYNEWYO1401,PWS_WU,,40.66,-73.955,17.9832,2023-10-29T04:04:00+00:00,2024-07-01T23:59:00+00:00,69035,10,pws_wu_merged_2023-10-29_2026-04-24_qc.nc
KNYNEWYO1412,PWS_WU,,40.62482,-73.99136,15.8496,2023-10-29T04:04:00+00:00,2025-09-27T03:59:00+00:00,192351,15,pws_wu_merged_2023-10-29_2026-04-24_qc.nc
KNYNEWYO1471,PWS_WU,,40.6731,-73.98001,32.004000000000005,2023-10-29T04:04:00+00:00,2024-01-15T04:59:00+00:00,20112,15,pws_wu_merged_2023-10-29_2026-04-24_qc.nc
KNYNEWYO1472,PWS_WU,,40.82,-73.94,66.0,2023-10-29T04:04:00+00:00,2024-07-01T23:59:00+00:00,60339,10,pws_wu_merged_2023-10-29_2026-04-24_qc.nc
KNYNEWYO1521,PWS_WU,,40.60191,-73.88998,0.9144000000000001,2023-10-29T04:04:00+00:00,2026-01-06T21:03:00+00:00,155490,15,pws_wu_merged_2023-10-29_2026-04-24_qc.nc
KNYNEWYO1526,PWS_WU,,40.715,-73.988,20.1168,2023-10-29T04:04:00+00:00,2024-08-25T03:59:00+00:00,86556,6,pws_wu_merged_2023-10-29_2026-04-24_qc.nc
KNYNEWYO1527,PWS_WU,,40.575,-73.979,6.096,2023-10-29T04:04:00+00:00,2026-04-24T03:59:00+00:00,258680,15,pws_wu_merged_2023-10-29_2026-04-24_qc.nc
KNYNEWYO1529,PWS_WU,,40.683,-73.973,25.908,2023-10-29T04:04:00+00:00,2026-04-24T03:59:00+00:00,250317,13,pws_wu_merged_2023-10-29_2026-04-24_qc.nc
KNYNEWYO1530,PWS_WU,,40.60423,-74.00574,10.0584,2023-10-29T04:04:00+00:00,2023-11-10T04:59:00+00:00,3451,15,pws_wu_merged_2023-10-29_2026-04-24_qc.nc
KNYNEWYO1533,PWS_WU,,40.738,-74.003,36.2712,2023-10-29T04:04:00+00:00,2024-07-01T23:59:00+00:00,67813,10,pws_wu_merged_2023-10-29_2026-04-24_qc.nc
KNYNEWYO1570,PWS_WU,,40.706,-74.014,39.9288,2023-10-29T04:04:00+00:00,2023-11-13T04:59:00+00:00,4319,15,pws_wu_merged_2023-10-29_2026-04-24_qc.nc
KNYNEWYO1575,PWS_WU,,40.61021,-73.92723,6.096,2023-10-29T04:04:00+00:00,2026-04-24T03:59:00+00:00,254435,12,pws_wu_merged_2023-10-29_2026-04-24_qc.nc
KNYNEWYO1585,PWS_WU,,40.60134,-73.95208,3.9624,2023-10-29T04:04:00+00:00,2026-02-16T02:11:00+00:00,226229,15,pws_wu_merged_2023-10-29_2026-04-24_qc.nc
KNYNEWYO1591,PWS_WU,,40.762,-73.906,15.8496,2023-10-29T04:04:00+00:00,2024-05-15T03:59:00+00:00,56991,10,pws_wu_merged_2023-10-29_2026-04-24_qc.nc
KNYNEWYO1597,PWS_WU,,40.682,-73.973,15.8496,2023-10-29T04:04:00+00:00,2026-04-24T03:59:00+00:00,239583,15,pws_wu_merged_2023-10-29_2026-04-24_qc.nc
KNYNEWYO1606,PWS_WU,,40.688,-73.944,18.8976,2023-10-29T04:04:00+00:00,2026-04-24T03:59:00+00:00,247628,15,pws_wu_merged_2023-10-29_2026-04-24_qc.nc
KNYNEWYO1617,PWS_WU,,40.741,-73.916,27.127200000000002,2023-10-29T04:04:00+00:00,2025-01-26T04:59:00+00:00,130779,6,pws_wu_merged_2023-10-29_2026-04-24_qc.nc
KNYNEWYO1622,PWS_WU,,40.802,-73.964,31.0896,2023-10-29T04:04:00+00:00,2024-07-01T23:59:00+00:00,69973,10,pws_wu_merged_2023-10-29_2026-04-24_qc.nc
KNYNEWYO1626,PWS_WU,,40.742138,-74.009993,12.192,2023-10-29T04:00:00+00:00,2024-07-01T23:55:00+00:00,66276,10,pws_wu_merged_2023-10-29_2026-04-24_qc.nc
KNYNEWYO1643,PWS_WU,,40.67,-73.991,13.1064,2023-10-29T04:04:00+00:00,2026-04-24T03:59:00+00:00,246208,15,pws_wu_merged_2023-10-29_2026-04-24_qc.nc
KNYNEWYO1651,PWS_WU,,40.754086,-73.934034,7.0104,2023-10-29T04:00:00+00:00,2024-07-01T23:45:00+00:00,23516,10,pws_wu_merged_2023-10-29_2026-04-24_qc.nc
KNYNEWYO1658,PWS_WU,,40.645,-73.965,13.716000000000001,2023-10-29T04:04:00+00:00,2026-04-16T03:59:00+00:00,246104,14,pws_wu_merged_2023-10-29_2026-04-24_qc.nc
KNYNEWYO1659,PWS_WU,,40.678,-73.963,29.8704,2023-10-29T04:04:00+00:00,2026-04-24T03:59:00+00:00,248186,15,pws_wu_merged_2023-10-29_2026-04-24_qc.nc
KNYNEWYO1662,PWS_WU,,40.749,-73.937,10.0584,2023-10-29T04:04:00+00:00,2024-09-12T03:59:00+00:00,91801,6,pws_wu_merged_2023-10-29_2026-04-24_qc.nc
KNYNEWYO1681,PWS_WU,,40.66429,-73.96175,27.127200000000002,2023-10-29T06:10:00+00:00,2026-04-24T03:55:00+00:00,245038,15,pws_wu_merged_2023-10-29_2026-04-24_qc.nc
KNYNEWYO1710,PWS_WU,,40.67193,-73.84517,10.668000000000001,2023-10-29T04:04:00+00:00,2026-04-24T03:59:00+00:00,253822,15,pws_wu_merged_2023-10-29_2026-04-24_qc.nc
KNYNEWYO1727,PWS_WU,,40.66,-73.953,17.9832,2023-10-29T04:04:00+00:00,2026-04-24T03:59:00+00:00,200878,15,pws_wu_merged_2023-10-29_2026-04-24_qc.nc
KNYNEWYO1730,PWS_WU,,40.69448,-73.98589,21.945600000000002,2023-10-29T04:04:00+00:00,2024-10-16T03:58:00+00:00,90873,14,pws_wu_merged_2023-10-29_2026-04-24_qc.nc
KNYNEWYO1747,PWS_WU,,40.753,-74.009907,0.0,2023-10-29T04:00:00+00:00,2024-07-01T23:45:00+00:00,22389,10,pws_wu_merged_2023-10-29_2026-04-24_qc.nc
KNYNEWYO1761,PWS_WU,,40.69362,-73.98677,21.945600000000002,2023-10-29T04:04:00+00:00,2024-06-16T03:59:00+00:00,66079,14,pws_wu_merged_2023-10-29_2026-04-24_qc.nc
KNYNEWYO1764,PWS_WU,,40.603,-74.0,10.0584,2023-10-29T04:04:00+00:00,2026-04-24T03:59:00+00:00,252630,15,pws_wu_merged_2023-10-29_2026-04-24_qc.nc
KNYNEWYO1776,PWS_WU,,40.671,-73.982,9.144,2023-10-29T04:04:00+00:00,2025-12-22T04:59:00+00:00,219363,13,pws_wu_merged_2023-10-29_2026-04-24_qc.nc
KNYNEWYO1779,PWS_WU,,40.662,-73.989,35.9664,2023-10-29T04:04:00+00:00,2026-04-24T03:59:00+00:00,234804,15,pws_wu_merged_2023-10-29_2026-04-24_qc.nc
KNYNEWYO1787,PWS_WU,,40.579,-73.857,1.524,2023-10-29T04:04:00+00:00,2026-04-24T03:59:00+00:00,256024,15,pws_wu_merged_2023-10-29_2026-04-24_qc.nc
KNYNEWYO1791,PWS_WU,,40.70407,-73.88382,30.48,2023-10-29T04:04:00+00:00,2026-04-24T03:59:00+00:00,254363,15,pws_wu_merged_2023-10-29_2026-04-24_qc.nc
KNYNEWYO1796,PWS_WU,,40.779,-73.979,35.9664,2023-10-29T04:04:00+00:00,2024-07-01T23:59:00+00:00,69497,10,pws_wu_merged_2023-10-29_2026-04-24_qc.nc
KNYNEWYO1800,PWS_WU,,40.748,-73.918,17.0688,2023-10-29T04:04:00+00:00,2026-04-24T03:59:00+00:00,254731,15,pws_wu_merged_2023-10-29_2026-04-24_qc.nc
KNYNEWYO1805,PWS_WU,,40.638,-74.035,17.0688,2023-10-29T04:04:00+00:00,2026-04-24T03:55:00+00:00,248512,15,pws_wu_merged_2023-10-29_2026-04-24_qc.nc
KNYNEWYO1809,PWS_WU,,40.585,-73.937,3.9624,2023-10-29T14:09:00+00:00,2024-05-17T03:59:00+00:00,54978,13,pws_wu_merged_2023-10-29_2026-04-24_qc.nc
KNYNEWYO1812,PWS_WU,,40.722,-74.011,18.8976,2023-10-29T04:04:00+00:00,2025-01-11T04:59:00+00:00,126474,13,pws_wu_merged_2023-10-29_2026-04-24_qc.nc
KNYNEWYO1813,PWS_WU,,40.722,-74.011,18.8976,2023-10-29T04:04:00+00:00,2025-06-05T03:59:00+00:00,153928,15,pws_wu_merged_2023-10-29_2026-04-24_qc.nc
KNYNEWYO1815,PWS_WU,,40.577,-74.012,3.048,2023-10-29T04:04:00+00:00,2026-04-24T03:59:00+00:00,245278,15,pws_wu_merged_2023-10-29_2026-04-24_qc.nc
KNYNEWYO1824,PWS_WU,,40.764291,-73.930717,7.9248,2023-10-29T04:04:00+00:00,2024-07-01T23:58:00+00:00,70132,10,pws_wu_merged_2023-10-29_2026-04-24_qc.nc
KNYNEWYO1825,PWS_WU,,40.627,-73.951,11.8872,2023-10-29T04:04:00+00:00,2026-04-24T03:59:00+00:00,242668,15,pws_wu_merged_2023-10-29_2026-04-24_qc.nc
KNYNEWYO1838,PWS_WU,,40.685,-73.983,18.288,2023-10-29T04:04:00+00:00,2024-10-07T03:57:00+00:00,59065,13,pws_wu_merged_2023-10-29_2026-04-24_qc.nc
KNYNEWYO1840,PWS_WU,,40.712,-74.015,-0.9144000000000001,2023-10-29T04:04:00+00:00,2026-04-24T03:59:00+00:00,255166,15,pws_wu_merged_2023-10-29_2026-04-24_qc.nc
KNYNEWYO1841,PWS_WU,,40.705,-73.987,25.908,2023-10-29T04:04:00+00:00,2026-04-23T21:02:00+00:00,82186,15,pws_wu_merged_2023-10-29_2026-04-24_qc.nc
KNYNEWYO1867,PWS_WU,,40.675,-74.011,0.6096,2023-10-29T04:04:00+00:00,2024-07-01T03:59:00+00:00,67890,10,pws_wu_merged_2023-10-29_2026-04-24_qc.nc
KNYNEWYO1896,PWS_WU,,40.669,-73.981,9.7536,2023-10-29T04:04:00+00:00,2024-07-01T23:59:00+00:00,68462,10,pws_wu_merged_2023-10-29_2026-04-24_qc.nc
KNYNEWYO1900,PWS_WU,,40.746,-73.952,19.812,2023-11-15T22:42:00+00:00,2024-07-01T23:58:00+00:00,63599,10,pws_wu_merged_2023-10-29_2026-04-24_qc.nc
KNYNEWYO1918,PWS_WU,,40.685,-73.952,10.9728,2023-12-26T20:05:00+00:00,2024-07-01T23:56:00+00:00,53133,10,pws_wu_merged_2023-10-29_2026-04-24_qc.nc
KNYNEWYO1921,PWS_WU,,40.714,-73.905,10.9728,2023-12-29T18:39:00+00:00,2024-07-01T23:59:00+00:00,52742,10,pws_wu_merged_2023-10-29_2026-04-24_qc.nc
KNYNEWYO1931,PWS_WU,,40.791,-73.97,25.908,2024-01-06T21:34:00+00:00,2024-07-01T23:59:00+00:00,48528,10,pws_wu_merged_2023-10-29_2026-04-24_qc.nc
KNYNEWYO1942,PWS_WU,,40.82,-73.957,74.676,2024-01-29T16:23:00+00:00,2024-07-01T23:59:00+00:00,43057,10,pws_wu_merged_2023-10-29_2026-04-24_qc.nc
KNYNEWYO1943,PWS_WU,,40.698729,-73.99334,25.908,2024-01-29T23:54:00+00:00,2024-07-01T23:59:00+00:00,43081,10,pws_wu_merged_2023-10-29_2026-04-24_qc.nc
KNYNEWYO343,PWS_WU,,40.762779,-73.991776,9.144,2023-10-29T04:04:00+00:00,2024-07-01T23:59:00+00:00,60083,10,pws_wu_merged_2023-10-29_2026-04-24_qc.nc
KNYNEWYO505,PWS_WU,,40.697334,-73.892746,29.8704,2024-01-05T22:34:00+00:00,2024-07-01T23:59:00+00:00,51012,10,pws_wu_merged_2023-10-29_2026-04-24_qc.nc
KNYNEWYO589,PWS_WU,,40.64562,-74.00415,47.8536,2023-10-29T04:04:00+00:00,2026-04-24T03:59:00+00:00,247063,15,pws_wu_merged_2023-10-29_2026-04-24_qc.nc
KNYNEWYO638,PWS_WU,,40.725,-73.98115,7.010400000000001,2023-10-29T04:04:00+00:00,2026-04-24T03:59:00+00:00,213810,12,pws_wu_merged_2023-10-29_2026-04-24_qc.nc
KNYNEWYO655,PWS_WU,,40.73478,-73.94334,2.1336,2023-10-29T04:00:00+00:00,2026-04-24T03:45:00+00:00,74545,15,pws_wu_merged_2023-10-29_2026-04-24_qc.nc
KNYNEWYO900,PWS_WU,,40.69599,-73.99683,21.945600000000002,2023-10-29T04:04:00+00:00,2026-04-24T03:59:00+00:00,205848,15,pws_wu_merged_2023-10-29_2026-04-24_qc.nc
KNYNEWYO945,PWS_WU,,40.6364,-73.96919,14.020800000000001,2024-07-01T04:04:00+00:00,2024-10-08T03:59:00+00:00,28251,15,pws_wu_merged_2023-10-29_2026-04-24_qc.nc
KNYNEWYO966,PWS_WU,,40.58846,-73.95569,2.1336,2024-07-01T04:04:00+00:00,2026-04-24T03:59:00+00:00,183656,15,pws_wu_merged_2023-10-29_2026-04-24_qc.nc
KNYNEWYO974,PWS_WU,,40.60066,-73.94846,4.8768,2024-07-01T04:00:00+00:00,2026-04-24T03:45:00+00:00,60732,13,pws_wu_merged_2023-10-29_2026-04-24_qc.nc
KNYNEWYO977,PWS_WU,,40.68183,-73.99471,7.010400000000001,2024-07-01T04:04:00+00:00,2026-04-24T03:59:00+00:00,184402,15,pws_wu_merged_2023-10-29_2026-04-24_qc.nc
KNYNEWYO996,PWS_WU,,40.58802,-73.91983,0.9144000000000001,2024-07-01T04:04:00+00:00,2026-04-24T03:59:00+00:00,185932,13,pws_wu_merged_2023-10-29_2026-04-24_qc.nc
BKLN,Mesonet,,40.63176,-73.95367,33.2,2023-08-01T00:00:00+00:00,2026-03-04T23:55:00+00:00,272736,39,mesonet_2023-08-01_2026-03-04.nc
BRON,Mesonet,,40.87248,-73.89352,57.5,2023-08-01T00:00:00+00:00,2026-03-04T23:55:00+00:00,272736,39,mesonet_2023-08-01_2026-03-04.nc
MANH,Mesonet,,40.76754,-73.96449,94.8,2023-08-01T00:00:00+00:00,2026-03-04T23:55:00+00:00,272736,39,mesonet_2023-08-01_2026-03-04.nc
QUEE,Mesonet,,40.73434,-73.81586,54.6,2023-08-01T00:00:00+00:00,2026-03-04T23:55:00+00:00,272736,39,mesonet_2023-08-01_2026-03-04.nc
